IRL1616,01-12-2024,2024,1,Demonstrations,Protests,Peaceful protest,Collinstown,53.4213,-6.2701,1,crowd size=no report,1733860830
IRL1615,30-11-2024,2024,1,Demonstrations,Protests,Peaceful protest,Dublin,53.3498,-6.2603,1,crowd size=no report,1733860830
IRL1609,27-11-2024,2024,1,Demonstrations,Protests,Peaceful protest,Dublin,53.3498,-6.2603,1,crowd size=no report,1733261076
IRL1613,27-11-2024,2024,1,Demonstrations,Protests,Peaceful protest,Dublin,53.3498,-6.2603,1,crowd size=around 100,1733261076
IRL1610,25-11-2024,2024,1,Demonstrations,Protests,Peaceful protest,Dublin,53.3498,-6.2603,1,crowd size=hundreds,1733261076
IRL1612,25-11-2024,2024,1,Demonstrations,Protests,Peaceful protest,Dublin,53.3498,-6.2603,1,crowd size=no report,1733261076
IRL1611,21-11-2024,2024,1,Demonstrations,Protests,Peaceful protest,Dublin,53.3498,-6.2603,1,crowd size=around 100,1733261076
IRL1601,20-11-2024,2024,1,Demonstrations,Protests,Peaceful protest,Dublin,53.3498,-6.2603,1,crowd size=no report,1732654683
IRL1589,19-11-2024,2024,1,Demonstrations,Protests,Peaceful protest,Balbriggan,53.6098,-6.1861,1,crowd size=no report,1732654683
IRL1595,19-11-2024,2024,1,Demonstrations,Protests,Peaceful protest,Dublin,53.3498,-6.2603,1,crowd size=no report,1732654683
IRL1584,09-11-2024,2024,1,Demonstrations,Protests,Peaceful protest,Dublin,53.3498,-6.2603,1,crowd size=thousands,1734479887
IRL1582,07-11-2024,2024,1,Demonstrations,Protests,Peaceful protest,Dublin,53.3498,-6.2603,1,crowd size=no report,1731510677
IRL1581,06-11-2024,2024,1,Demonstrations,Protests,Peaceful protest,Dublin,53.3498,-6.2603,1,crowd size=over 200,1731510678
IRL1585,06-11-2024,2024,1,Demonstrations,Protests,Peaceful protest,Dublin,53.3498,-6.2603,1,crowd size=no report,1732047275
IRL1577,05-11-2024,2024,1,Demonstrations,Protests,Peaceful protest,Dublin,53.3498,-6.2603,1,crowd size=dozens,1731510678
IRL1578,04-11-2024,2024,1,Demonstrations,Protests,Peaceful protest,Dublin,53.3498,-6.2603,1,crowd size=no report,1731510679
IRL1567,18-10-2024,2024,1,Demonstrations,Protests,Peaceful protest,Dublin,53.3498,-6.2603,1,crowd size=no report,1729632671
IRL1562,17-10-2024,2024,1,Demonstrations,Protests,Peaceful protest,Dublin,53.3498,-6.2603,1,crowd size=no report,1729632671
IRL1560,15-10-2024,2024,1,Demonstrations,Protests,Peaceful protest,Dublin,53.3498,-6.2603,1,crowd size=no report,1729632671
IRL1568,15-10-2024,2024,1,Demonstrations,Protests,Peaceful protest,Dublin,53.3498,-6.2603,1,crowd size=around 100,1729632671
IRL1550,09-10-2024,2024,1,Demonstrations,Protests,Peaceful protest,Dublin,53.3498,-6.2603,1,crowd size=no report,1729023533
IRL1549,05-10-2024,2024,1,Demonstrations,Protests,Peaceful protest,Dublin,53.3498,-6.2603,1,crowd size=no report,1729023533
IRL1548,05-10-2024,2024,1,Demonstrations,Protests,Peaceful protest,Dublin,53.3498,-6.2603,1,crowd size=thousands,1734479887
IRL1543,03-10-2024,2024,1,Demonstrations,Protests,Peaceful protest,Dublin,53.3498,-6.2603,1,crowd size=no report,1728421371
IRL1544,28-09-2024,2024,1,Demonstrations,Protests,Peaceful protest,Coolock,53.3892,-6.2004,1,crowd size=no report,1733860830
IRL1537,27-09-2024,2024,1,Demonstrations,Protests,Peaceful protest,Dublin,53.3498,-6.2603,1,crowd size=no report,1728421371
IRL1539,25-09-2024,2024,1,Demonstrations,Protests,Peaceful protest,Dublin,53.3498,-6.2603,1,crowd size=no report,1727907792
IRL1540,25-09-2024,2024,1,Demonstrations,Protests,Peaceful protest,Dublin,53.3498,-6.2603,1,crowd size=no report,1728421371
IRL1538,24-09-2024,2024,1,Demonstrations,Protests,Peaceful protest,Dublin,53.3498,-6.2603,1,crowd size=no report,1727907792
IRL1534,20-09-2024,2024,1,Demonstrations,Protests,Peaceful protest,Dublin,53.3498,-6.2603,1,crowd size=over 200,1728421371
IRL1530,19-09-2024,2024,1,Demonstrations,Protests,Protest with intervention,Dublin,53.3498,-6.2603,1,crowd size=no report,1728421371
IRL1531,14-09-2024,2024,1,Political violence,Riots,Mob violence,Dublin,53.3498,-6.2603,1,crowd size=no report,1732644594
IRL1528,13-09-2024,2024,1,Demonstrations,Protests,Peaceful protest,Saint Margaret's,53.4308,-6.3007,1,crowd size=about 150,1733860830
IRL1527,07-09-2024,2024,1,Demonstrations,Protests,Peaceful protest,Dublin,53.3498,-6.2603,1,crowd size=more than 100,1734465867
IRL1523,31-08-2024,2024,1,Demonstrations,Protests,Peaceful protest,Dublin,53.3498,-6.2603,1,"crowd size=more than 10,000",1734479887
IRL1519,24-08-2024,2024,1,Demonstrations,Protests,Peaceful protest,Dublin,53.3498,-6.2603,1,crowd size=no report,1734479887
IRL1514,23-08-2024,2024,1,Demonstrations,Protests,Peaceful protest,Dublin,53.3498,-6.2603,1,crowd size=around 50,1728421371
IRL1515,23-08-2024,2024,1,Demonstrations,Protests,Peaceful protest,Dublin,53.3498,-6.2603,1,crowd size=no report,1734479887
IRL1513,17-08-2024,2024,1,Demonstrations,Protests,Peaceful protest,Dublin,53.3498,-6.2603,1,crowd size=dozens,1724787144
IRL1512,16-08-2024,2024,1,Demonstrations,Protests,Peaceful protest,Dublin,53.3498,-6.2603,1,crowd size=no report,1728421371
IRL1504,05-08-2024,2024,1,Demonstrations,Protests,Peaceful protest,Dublin,53.3498,-6.2603,1,crowd size=no report,1728421371
IRL1496,02-08-2024,2024,1,Demonstrations,Protests,Peaceful protest,Dublin,53.3498,-6.2603,1,crowd size=no report,1728421371
IRL1497,27-07-2024,2024,1,Demonstrations,Protests,Peaceful protest,Dublin,53.3498,-6.2603,1,crowd size=hundreds,1728421371
IRL1498,27-07-2024,2024,1,Demonstrations,Protests,Peaceful protest,Coolock,53.3892,-6.2004,1,crowd size=about 60,1733860830
IRL1486,26-07-2024,2024,1,Demonstrations,Protests,Peaceful protest,Dublin,53.3498,-6.2603,1,crowd size=no report,1728421371
IRL1485,24-07-2024,2024,1,Demonstrations,Protests,Peaceful protest,Dublin,53.3498,-6.2603,1,crowd size=no report,1728421371
IRL1484,20-07-2024,2024,1,Demonstrations,Protests,Peaceful protest,Dublin,53.3498,-6.2603,1,crowd size=thousands,1728421371
IRL1479,19-07-2024,2024,1,Demonstrations,Protests,Peaceful protest,Coolock,53.3892,-6.2004,1,"crowd size=more than 1,000",1734479887
IRL1466,18-07-2024,2024,1,Demonstrations,Protests,Peaceful protest,Dublin,53.3498,-6.2603,1,crowd size=around 200,1721769327
IRL1474,16-07-2024,2024,1,Political violence,Riots,Mob violence,Dublin,53.3498,-6.2603,1,crowd size=no report,1728421371
IRL1463,16-07-2024,2024,1,Demonstrations,Protests,Peaceful protest,Coolock,53.3892,-6.2004,1,crowd size=around 40,1733860830
IRL1477,15-07-2024,2024,1,Demonstrations,Riots,Violent demonstration,Coolock,53.3892,-6.2004,1,crowd size=hundreds,1733860830
IRL1478,13-07-2024,2024,1,Demonstrations,Protests,Peaceful protest,Dublin,53.3498,-6.2603,1,crowd size=approximately 100,1728421371
IRL1442,09-07-2024,2024,1,Demonstrations,Protests,Peaceful protest,Dublin,53.3498,-6.2603,1,crowd size=no report,1728421370
IRL1459,08-07-2024,2024,1,Demonstrations,Protests,Peaceful protest,Dublin,53.3498,-6.2603,1,crowd size=hundreds,1728421370
IRL1439,06-07-2024,2024,1,Demonstrations,Protests,Peaceful protest,Dublin,53.3498,-6.2603,1,crowd size=thousands,1728421370
IRL1437,04-07-2024,2024,1,Demonstrations,Protests,Peaceful protest,Dublin,53.3498,-6.2603,1,crowd size=no report,1720552465
IRL1436,29-06-2024,2024,1,Demonstrations,Protests,Peaceful protest,Dublin,53.3498,-6.2603,1,crowd size=thousands,1728421370
IRL1435,29-06-2024,2024,1,Demonstrations,Protests,Peaceful protest,Collinstown,53.4213,-6.2701,1,crowd size=hundreds,1734479887
IRL1429,25-06-2024,2024,1,Demonstrations,Protests,Peaceful protest,Dublin,53.3498,-6.2603,1,crowd size=hundreds,1719939623
IRL1428,22-06-2024,2024,1,Demonstrations,Protests,Peaceful protest,Dublin,53.3498,-6.2603,1,crowd size=over 400,1728421370
IRL1424,19-06-2024,2024,1,Demonstrations,Protests,Peaceful protest,Dublin,53.3498,-6.2603,1,crowd size=no report,1719352868
IRL1423,18-06-2024,2024,1,Demonstrations,Protests,Peaceful protest,Dublin,53.3498,-6.2603,1,crowd size=up to 100,1728421370
IRL1418,09-06-2024,2024,1,Demonstrations,Protests,Peaceful protest,Dublin,53.3498,-6.2603,1,crowd size=no report,1728421370
IRL1411,28-05-2024,2024,1,Demonstrations,Protests,Peaceful protest,Dublin,53.3498,-6.2603,1,crowd size=no report,1728421370
IRL1404,25-05-2024,2024,1,Demonstrations,Protests,Peaceful protest,Dublin,53.3498,-6.2603,1,crowd size=about 60,1728421370
IRL1405,25-05-2024,2024,1,Demonstrations,Protests,Peaceful protest,Dublin,53.3498,-6.2603,1,crowd size=no report,1728421370
IRL1406,25-05-2024,2024,1,Demonstrations,Protests,Peaceful protest,Dublin,53.3498,-6.2603,1,crowd size=doznes,1728421370
IRL1393,24-05-2024,2024,1,Demonstrations,Protests,Peaceful protest,Dublin,53.3498,-6.2603,1,crowd size=no report,1728421370
IRL1402,23-05-2024,2024,1,Demonstrations,Protests,Peaceful protest,Dublin,53.3498,-6.2603,1,crowd size=no report,1728421370
IRL1401,22-05-2024,2024,1,Demonstrations,Protests,Peaceful protest,Drumcondra,53.3633,-6.2598,1,crowd size=more than 200,1728421370
IRL1387,21-05-2024,2024,1,Demonstrations,Protests,Peaceful protest,Ballyogan,53.2583,-6.1969,1,crowd size=no report,1728421370
IRL1392,21-05-2024,2024,1,Demonstrations,Protests,Peaceful protest,Dublin,53.3498,-6.2603,1,crowd size=no report,1728421370
IRL1396,21-05-2024,2024,1,Strategic developments,Strategic developments,Looting/property destruction,Tallaght,53.2878,-6.3622,1,,1728421370
IRL1400,21-05-2024,2024,1,Demonstrations,Protests,Peaceful protest,Dublin,53.3498,-6.2603,1,crowd size=no report,1728421370
IRL1391,18-05-2024,2024,1,Demonstrations,Protests,Peaceful protest,Dublin,53.3498,-6.2603,1,crowd size=thousands,1728421370
IRL1379,15-05-2024,2024,1,Demonstrations,Protests,Peaceful protest,Dublin,53.3498,-6.2603,1,crowd size=no report,1728421370
IRL1382,11-05-2024,2024,1,Demonstrations,Protests,Peaceful protest,Dublin,53.3498,-6.2603,1,crowd size=no report,1716327784
IRL1380,10-05-2024,2024,1,Demonstrations,Protests,Peaceful protest,Dublin,53.3498,-6.2603,1,crowd size=no report,1716327784
IRL1375,06-05-2024,2024,1,Demonstrations,Protests,Peaceful protest,Dublin,53.3498,-6.2603,1,"crowd size=around 5,000",1728421370
IRL1374,03-05-2024,2024,1,Demonstrations,Protests,Peaceful protest,Dublin,53.3498,-6.2603,1,crowd size=no report,1734479887
IRL1370,02-05-2024,2024,1,Demonstrations,Protests,Peaceful protest,Dublin,53.3498,-6.2603,1,crowd size=about 40,1728421370
IRL1366,02-05-2024,2024,1,Demonstrations,Protests,Peaceful protest,Dublin,53.3498,-6.2603,1,crowd size=dozens,1734479887
IRL1367,30-04-2024,2024,1,Demonstrations,Protests,Peaceful protest,Dublin,53.3498,-6.2603,1,crowd size=hundreds,1728421370
IRL1369,30-04-2024,2024,1,Demonstrations,Protests,Peaceful protest,Dublin,53.3498,-6.2603,1,crowd size=around a dozen,1728421370
IRL1368,27-04-2024,2024,1,Demonstrations,Protests,Peaceful protest,Dublin,53.3498,-6.2603,1,crowd size=no report,1728421370
IRL1357,20-04-2024,2024,1,Demonstrations,Protests,Peaceful protest,Dublin,53.3498,-6.2603,1,"crowd size=more than 1,000",1733860830
IRL1356,19-04-2024,2024,1,Demonstrations,Protests,Peaceful protest,Dublin,53.3498,-6.2603,1,crowd size=more than 100,1728421370
IRL1362,18-04-2024,2024,1,Demonstrations,Protests,Peaceful protest,Dublin,53.3498,-6.2603,1,crowd size=up to 12,1728421370
IRL1348,13-04-2024,2024,1,Demonstrations,Protests,Peaceful protest,Dublin,53.3498,-6.2603,1,crowd size=no report,1713900250
IRL1399,12-04-2024,2024,1,Demonstrations,Protests,Peaceful protest,Dublin,53.3498,-6.2603,1,crowd size=no report,1728421370
IRL1335,05-04-2024,2024,1,Demonstrations,Protests,Peaceful protest,Dublin,53.3498,-6.2603,1,crowd size=no report,1712695430
IRL1328,24-03-2024,2024,1,Demonstrations,Protests,Peaceful protest,Dublin,53.3498,-6.2603,1,"crowd size=more than 1,000",1728421370
IRL1322,23-03-2024,2024,1,Demonstrations,Protests,Peaceful protest,Dublin,53.3498,-6.2603,1,crowd size=tens of thousands,1734479887
IRL1317,20-03-2024,2024,1,Demonstrations,Protests,Peaceful protest,Dublin,53.3498,-6.2603,1,crowd size=no report,1728421370
IRL1314,19-03-2024,2024,1,Demonstrations,Protests,Peaceful protest,Dublin,53.3498,-6.2603,1,crowd size=no report,1728421370
IRL1316,19-03-2024,2024,1,Demonstrations,Protests,Peaceful protest,Dublin,53.3498,-6.2603,1,crowd size=no report,1728421370
IRL1315,18-03-2024,2024,1,Demonstrations,Protests,Peaceful protest,Dublin,53.3498,-6.2603,1,crowd size=no report,1728421370
IRL1313,16-03-2024,2024,1,Demonstrations,Protests,Peaceful protest,Dublin,53.3498,-6.2603,1,crowd size=no report,1711490782
IRL1297,15-03-2024,2024,1,Demonstrations,Protests,Peaceful protest,Dublin,53.3498,-6.2603,1,crowd size=no report,1734479887
IRL1307,10-03-2024,2024,1,Demonstrations,Protests,Peaceful protest,Dublin,53.3498,-6.2603,1,crowd size=hundreds,1728421370
IRL1295,07-03-2024,2024,1,Demonstrations,Protests,Peaceful protest,Dublin,53.3498,-6.2603,1,crowd size=no report,1728421370
IRL1296,04-03-2024,2024,1,Demonstrations,Protests,Peaceful protest,Dublin,53.3498,-6.2603,1,crowd size=no report,1728421370
IRL1286,02-03-2024,2024,1,Demonstrations,Protests,Peaceful protest,Dublin,53.3498,-6.2603,1,crowd size=no report,1710268046
IRL1289,02-03-2024,2024,1,Demonstrations,Protests,Peaceful protest,Dublin,53.3498,-6.2603,1,crowd size=thousands,1728421370
IRL1278,28-02-2024,2024,1,Demonstrations,Protests,Peaceful protest,Dublin,53.3498,-6.2603,1,crowd size=no report,1734479887
IRL1279,24-02-2024,2024,1,Demonstrations,Protests,Peaceful protest,Dublin,53.3498,-6.2603,1,crowd size=thousands,1728421370
IRL1270,20-02-2024,2024,1,Demonstrations,Protests,Peaceful protest,Dublin,53.3498,-6.2603,1,crowd size=no report,1709061535
IRL1261,17-02-2024,2024,1,Demonstrations,Protests,Peaceful protest,Dublin,53.3498,-6.2603,1,crowd size=tens of thousands,1709061535
IRL1253,16-02-2024,2024,1,Demonstrations,Protests,Peaceful protest,Dublin,53.3498,-6.2603,1,crowd size=no report,1728421370
IRL1269,16-02-2024,2024,1,Demonstrations,Protests,Peaceful protest,Dublin,53.3498,-6.2603,1,crowd size=no report,1728421370
IRL1248,15-02-2024,2024,1,Demonstrations,Protests,Peaceful protest,Dublin,53.3498,-6.2603,1,crowd size=about 20,1728421370
IRL1243,14-02-2024,2024,1,Demonstrations,Protests,Peaceful protest,Dublin,53.3498,-6.2603,1,crowd size=about 50,1728421370
IRL1249,14-02-2024,2024,1,Demonstrations,Protests,Peaceful protest,Dublin,53.3498,-6.2603,1,crowd size=no report,1728421370
IRL1239,13-02-2024,2024,1,Demonstrations,Protests,Peaceful protest,Dublin,53.3498,-6.2603,1,crowd size=no report,1728421370
IRL1257,11-02-2024,2024,1,Demonstrations,Protests,Peaceful protest,Dublin,53.3498,-6.2603,1,crowd size=no report,1708472553
IRL1222,06-02-2024,2024,1,Demonstrations,Protests,Peaceful protest,Dublin,53.3498,-6.2603,1,crowd size=around 100,1707858621
IRL1230,06-02-2024,2024,1,Demonstrations,Protests,Peaceful protest,Dun Laoghaire,53.2922,-6.136,1,crowd size=no report,1728421370
IRL1224,05-02-2024,2024,1,Demonstrations,Protests,Protest with intervention,Dublin,53.3498,-6.2603,1,"crowd size=between 1,200 and 1,800",1729023533
IRL1227,04-02-2024,2024,1,Strategic developments,Strategic developments,Looting/property destruction,Crooksling,53.2554,-6.4459,1,,1728421370
IRL1232,04-02-2024,2024,1,Demonstrations,Protests,Peaceful protest,Dublin,53.3498,-6.2603,1,crowd size=hundreds,1729023533
IRL1208,01-02-2024,2024,1,Demonstrations,Protests,Peaceful protest,Dublin,53.3498,-6.2603,1,crowd size=no report,1728421370
IRL1220,26-01-2024,2024,1,Demonstrations,Protests,Peaceful protest,Dublin,53.3498,-6.2603,1,crowd size=no report,1728421370
IRL1198,24-01-2024,2024,1,Demonstrations,Protests,Peaceful protest,Dublin,53.3498,-6.2603,1,crowd size=thousands,1728421370
IRL1183,17-01-2024,2024,1,Demonstrations,Protests,Peaceful protest,Dublin,53.3498,-6.2603,1,crowd size=no report,1728421370
IRL1194,17-01-2024,2024,1,Demonstrations,Protests,Peaceful protest,Dublin,53.3498,-6.2603,1,crowd size=no report,1728421370
IRL1191,14-01-2024,2024,1,Demonstrations,Protests,Peaceful protest,Dublin,53.3498,-6.2603,1,crowd size=no report,1728421370
IRL1184,13-01-2024,2024,1,Demonstrations,Protests,Peaceful protest,Dublin,53.3498,-6.2603,1,crowd size=thousands,1706054138
IRL1247,07-01-2024,2024,1,Strategic developments,Strategic developments,Looting/property destruction,Dublin,53.3498,-6.2603,1,,1728421370
IRL1172,06-01-2024,2024,1,Demonstrations,Protests,Peaceful protest,Dublin,53.3498,-6.2603,1,crowd size=no report,1728421370
IRL1176,06-01-2024,2024,1,Demonstrations,Protests,Peaceful protest,Dublin,53.3498,-6.2603,1,crowd size=no report,1728421370
IRL1245,31-12-2023,2023,1,Strategic developments,Strategic developments,Looting/property destruction,Dublin,53.3498,-6.2603,1,,1728421370
IRL1166,20-12-2023,2023,1,Demonstrations,Protests,Peaceful protest,Swords,53.4598,-6.2184,1,crowd size=over 250,1733860830
IRL1160,16-12-2023,2023,1,Demonstrations,Protests,Peaceful protest,Dublin,53.3498,-6.2603,1,crowd size=thousands,1728421370
IRL1164,12-12-2023,2023,1,Demonstrations,Protests,Peaceful protest,Dublin,53.3498,-6.2603,1,crowd size=more than 100,1728421370
IRL1158,09-12-2023,2023,1,Demonstrations,Protests,Peaceful protest,Dublin,53.3498,-6.2603,1,crowd size=no report,1704833927
IRL1157,07-12-2023,2023,1,Demonstrations,Protests,Peaceful protest,Dublin,53.3498,-6.2603,1,crowd size=dozens,1728421370
IRL1145,29-11-2023,2023,1,Demonstrations,Protests,Peaceful protest,Dublin,53.3498,-6.2603,1,crowd size=no report,1728421370
IRL1143,27-11-2023,2023,1,Demonstrations,Protests,Peaceful protest,Dublin,53.3498,-6.2603,1,"crowd size=upwards of 1,000",1728421370
IRL1142,23-11-2023,2023,1,Strategic developments,Strategic developments,Looting/property destruction,Dublin,53.3498,-6.2603,1,,1728421370
IRL1139,23-11-2023,2023,1,Demonstrations,Riots,Violent demonstration,Dublin,53.3498,-6.2603,1,crowd size=no report,1734465867
IRL1140,18-11-2023,2023,1,Demonstrations,Protests,Peaceful protest,Dublin,53.3498,-6.2603,1,crowd size=thousands,1734479887
IRL1134,15-11-2023,2023,1,Demonstrations,Protests,Peaceful protest,Dublin,53.3498,-6.2603,1,crowd size=more than a thousand,1734479887
IRL1138,14-11-2023,2023,1,Demonstrations,Protests,Peaceful protest,Dublin,53.3498,-6.2603,1,crowd size=no report,1728421370
IRL1135,11-11-2023,2023,1,Demonstrations,Protests,Peaceful protest,Dublin,53.3498,-6.2603,1,crowd size=several thousands,1700602882
IRL1132,09-11-2023,2023,1,Demonstrations,Protests,Peaceful protest,Dublin,53.3498,-6.2603,1,crowd size=around 100,1699988476
IRL1131,06-11-2023,2023,1,Demonstrations,Protests,Peaceful protest,Dublin,53.3498,-6.2603,1,crowd size=around 12,1699988476
IRL1130,04-11-2023,2023,1,Demonstrations,Protests,Peaceful protest,Dublin,53.3498,-6.2603,1,"crowd size=an estimated 1,000",1728421370
IRL1122,30-10-2023,2023,1,Demonstrations,Protests,Peaceful protest,Dublin,53.3498,-6.2603,1,crowd size=no report,1728421370
IRL1125,28-10-2023,2023,1,Demonstrations,Protests,Peaceful protest,Dublin,53.3498,-6.2603,1,crowd size=hundreds,1728421370
IRL1120,21-10-2023,2023,1,Demonstrations,Protests,Peaceful protest,Dublin,53.3498,-6.2603,1,crowd size=thousands,1698774968
IRL1116,19-10-2023,2023,1,Demonstrations,Protests,Peaceful protest,Dublin,53.3498,-6.2603,1,crowd size=no report,1728421370
IRL1115,17-10-2023,2023,1,Demonstrations,Protests,Peaceful protest,Dublin,53.3498,-6.2603,1,crowd size=no report,1728421370
IRL1110,15-10-2023,2023,1,Demonstrations,Protests,Peaceful protest,Dublin,53.3498,-6.2603,1,crowd size=thousands,1698180616
IRL1109,15-10-2023,2023,1,Demonstrations,Protests,Peaceful protest,Dublin,53.3498,-6.2603,1,crowd size=no report,1728421369
IRL1101,11-10-2023,2023,1,Demonstrations,Protests,Peaceful protest,Dublin,53.3498,-6.2603,1,crowd size=some 700,1728421369
IRL1100,10-10-2023,2023,1,Demonstrations,Protests,Peaceful protest,Dublin,53.3498,-6.2603,1,crowd size=hundreds,1728421369
IRL1098,09-10-2023,2023,1,Demonstrations,Protests,Protest with intervention,Dublin,53.3498,-6.2603,1,crowd size=several hundred,1697584396
IRL1099,07-10-2023,2023,1,Demonstrations,Protests,Peaceful protest,Dublin,53.3498,-6.2603,1,crowd size=no report,1728421369
IRL1102,07-10-2023,2023,1,Demonstrations,Protests,Peaceful protest,Dublin,53.3498,-6.2603,1,crowd size=no report,1728421369
IRL1084,05-10-2023,2023,1,Demonstrations,Protests,Peaceful protest,Dublin,53.3498,-6.2603,1,crowd size=no report,1728421369
IRL1082,04-10-2023,2023,1,Demonstrations,Protests,Peaceful protest,Dublin,53.3498,-6.2603,1,crowd size=no report,1728421369
IRL1083,04-10-2023,2023,1,Demonstrations,Protests,Peaceful protest,Dublin,53.3498,-6.2603,1,crowd size=no report,1728421369
IRL1080,03-10-2023,2023,1,Demonstrations,Protests,Peaceful protest,Dublin,53.3498,-6.2603,1,crowd size=no report,1728421369
IRL1081,03-10-2023,2023,1,Demonstrations,Protests,Peaceful protest,Dublin,53.3498,-6.2603,1,crowd size=over 100,1728421369
IRL1074,26-09-2023,2023,1,Demonstrations,Protests,Peaceful protest,Dublin,53.3498,-6.2603,1,crowd size=thousands,1728421369
IRL1069,20-09-2023,2023,1,Demonstrations,Protests,Protest with intervention,Dublin,53.3498,-6.2603,1,crowd size=around 200,1728421369
IRL1071,17-09-2023,2023,1,Demonstrations,Protests,Peaceful protest,Dublin,53.3498,-6.2603,1,crowd size=no report,1728421369
IRL1068,16-09-2023,2023,1,Demonstrations,Protests,Peaceful protest,Dublin,53.3498,-6.2603,1,crowd size=no report,1728421369
IRL1056,15-09-2023,2023,1,Demonstrations,Protests,Peaceful protest,Dublin,53.3498,-6.2603,1,crowd size=no report,1728421369
IRL1063,13-09-2023,2023,1,Demonstrations,Protests,Peaceful protest,Dublin,53.3498,-6.2603,1,crowd size=no report,1728421369
IRL1065,13-09-2023,2023,1,Demonstrations,Protests,Peaceful protest,Dublin,53.3498,-6.2603,1,crowd size=around 30,1728421369
IRL1059,11-09-2023,2023,1,Demonstrations,Protests,Peaceful protest,Dublin,53.3498,-6.2603,1,crowd size=no report,1728421369
IRL1066,10-09-2023,2023,1,Demonstrations,Protests,Peaceful protest,Dublin,53.3498,-6.2603,1,crowd size=no report,1728421369
IRL1055,09-09-2023,2023,1,Demonstrations,Protests,Peaceful protest,Dublin,53.3498,-6.2603,1,crowd size=no report,1728421369
IRL1051,07-09-2023,2023,1,Demonstrations,Protests,Peaceful protest,Dublin,53.3498,-6.2603,1,crowd size=no report,1728421369
IRL1046,22-08-2023,2023,1,Demonstrations,Protests,Peaceful protest,Dublin,53.3498,-6.2603,1,crowd size=no report,1728421369
IRL1045,19-08-2023,2023,1,Demonstrations,Protests,Peaceful protest,Dublin,53.3498,-6.2603,1,crowd size=hundreds,1728421369
IRL1235,14-08-2023,2023,1,Strategic developments,Strategic developments,Looting/property destruction,Ballybrack,53.2531,-6.1244,1,,1728421370
IRL1044,12-08-2023,2023,1,Demonstrations,Protests,Peaceful protest,Dublin,53.3498,-6.2603,1,crowd size=no report,1728421369
IRL1033,07-08-2023,2023,1,Demonstrations,Protests,Peaceful protest,Dublin,53.3498,-6.2603,1,crowd size=no report,1728421369
IRL1024,29-07-2023,2023,1,Demonstrations,Protests,Peaceful protest,Dun Laoghaire,53.2922,-6.136,1,"crowd size=an estimated 1,400",1716919058
IRL1020,22-07-2023,2023,1,Demonstrations,Protests,Peaceful protest,Dublin,53.3498,-6.2603,1,crowd size=no report,1728421369
IRL1010,19-07-2023,2023,1,Demonstrations,Protests,Peaceful protest,Dun Laoghaire,53.2922,-6.136,1,crowd size=about 30,1728421369
IRL1012,19-07-2023,2023,1,Demonstrations,Protests,Peaceful protest,Ballybrack,53.2531,-6.1244,1,crowd size=about 100,1728421369
IRL1013,18-07-2023,2023,1,Demonstrations,Riots,Violent demonstration,Ballybrack,53.2531,-6.1244,1,crowd size=no report,1728421369
IRL1011,17-07-2023,2023,1,Strategic developments,Strategic developments,Looting/property destruction,Ballybrack,53.2531,-6.1244,1,local administrators,1728421369
IRL1000,12-07-2023,2023,1,Demonstrations,Protests,Peaceful protest,Dublin,53.3498,-6.2603,1,crowd size=around 100,1689689677
IRL1004,12-07-2023,2023,1,Demonstrations,Protests,Peaceful protest,Dublin,53.3498,-6.2603,1,crowd size=no report,1689689677
IRL1006,11-07-2023,2023,1,Demonstrations,Protests,Peaceful protest,Dublin,53.3498,-6.2603,1,crowd size=no report,1689689677
IRL1007,11-07-2023,2023,1,Demonstrations,Protests,Peaceful protest,Dublin,53.3498,-6.2603,1,crowd size=no report,1689689677
IRL1002,08-07-2023,2023,1,Demonstrations,Protests,Peaceful protest,Dublin,53.3498,-6.2603,1,crowd size=thousands,1728421369
IRL999,07-07-2023,2023,1,Demonstrations,Protests,Peaceful protest,Dublin,53.3498,-6.2603,2,crowd size=no report,1728421373
IRL1005,04-07-2023,2023,1,Demonstrations,Protests,Peaceful protest,Dublin,53.3498,-6.2603,1,crowd size=no report,1728421369
IRL997,04-07-2023,2023,1,Demonstrations,Protests,Peaceful protest,Dublin,53.3498,-6.2603,1,crowd size=roughly 150,1728421373
IRL996,01-07-2023,2023,1,Demonstrations,Protests,Peaceful protest,Dublin,53.3498,-6.2603,1,"crowd size=around 3,000",1689092979
IRL990,27-06-2023,2023,1,Demonstrations,Protests,Peaceful protest,Dublin,53.3498,-6.2603,1,crowd size=around 100,1728421373
IRL995,26-06-2023,2023,1,Demonstrations,Protests,Peaceful protest,Dublin,53.3498,-6.2603,1,crowd size=no report,1728421373
IRL993,24-06-2023,2023,1,Demonstrations,Protests,Peaceful protest,Dublin,53.3498,-6.2603,1,crowd size=tens of thousands,1728421373
IRL983,22-06-2023,2023,1,Demonstrations,Protests,Peaceful protest,Dublin,53.3498,-6.2603,1,crowd size=no report,1687891758
IRL981,21-06-2023,2023,1,Demonstrations,Protests,Peaceful protest,Dublin,53.3498,-6.2603,1,crowd size=no report,1728421373
IRL982,21-06-2023,2023,1,Demonstrations,Protests,Peaceful protest,Dublin,53.3498,-6.2603,1,crowd size=no report,1728421373
IRL975,20-06-2023,2023,1,Demonstrations,Protests,Peaceful protest,Dublin,53.3498,-6.2603,1,crowd size=no report,1728421373
IRL980,14-06-2023,2023,1,Demonstrations,Protests,Peaceful protest,Dublin,53.3498,-6.2603,1,crowd size=no report,1728421373
IRL962,08-06-2023,2023,1,Demonstrations,Protests,Peaceful protest,Dublin,53.3498,-6.2603,1,crowd size=hundreds,1728421373
IRL958,31-05-2023,2023,1,Demonstrations,Protests,Peaceful protest,Dublin,53.3498,-6.2603,1,crowd size=no report,1728421373
IRL956,23-05-2023,2023,1,Demonstrations,Protests,Peaceful protest,Santry,53.3989,-6.2469,1,crowd size=no report,1733860830
IRL957,21-05-2023,2023,1,Demonstrations,Protests,Peaceful protest,Santry,53.3989,-6.2469,1,crowd size=no report,1733860830
IRL937,19-05-2023,2023,1,Demonstrations,Protests,Peaceful protest,Coolock,53.3892,-6.2004,1,crowd size=no report,1733860830
IRL948,13-05-2023,2023,1,Demonstrations,Protests,Peaceful protest,Dublin,53.3498,-6.2603,1,crowd size=hundreds,1728421373
IRL946,12-05-2023,2023,1,Demonstrations,Protests,Peaceful protest,Dublin,53.3498,-6.2603,1,crowd size=large crowds,1728421373
IRL947,12-05-2023,2023,1,Demonstrations,Riots,Violent demonstration,Dublin,53.3498,-6.2603,1,crowd size=a large crowd,1728421373
IRL945,11-05-2023,2023,1,Political violence,Riots,Mob violence,Dublin,53.3498,-6.2603,1,crowd size=a large group,1728421373
IRL944,03-05-2023,2023,1,Demonstrations,Protests,Peaceful protest,Dublin,53.3498,-6.2603,1,crowd size=no report,1728421373
IRL942,02-05-2023,2023,1,Demonstrations,Protests,Peaceful protest,Dublin,53.3498,-6.2603,1,crowd size=no report,1684866598
IRL943,02-05-2023,2023,1,Demonstrations,Protests,Peaceful protest,Dublin,53.3498,-6.2603,1,crowd size=no report,1728421373
IRL939,01-05-2023,2023,1,Demonstrations,Protests,Peaceful protest,Dublin,53.3498,-6.2603,1,crowd size=more than a thousands,1728421373
IRL940,01-05-2023,2023,1,Demonstrations,Protests,Peaceful protest,Dublin,53.3498,-6.2603,1,crowd size=no report,1728421373
IRL941,01-05-2023,2023,1,Demonstrations,Protests,Peaceful protest,Dublin,53.3498,-6.2603,1,crowd size=hundreds,1728421373
IRL938,29-04-2023,2023,1,Demonstrations,Protests,Peaceful protest,Dublin,53.3498,-6.2603,1,crowd size=no report,1728421373
IRL932,26-04-2023,2023,1,Demonstrations,Protests,Peaceful protest,Dublin,53.3498,-6.2603,2,crowd size=no report,1728421373
IRL935,24-04-2023,2023,1,Demonstrations,Protests,Peaceful protest,Dublin,53.3498,-6.2603,1,crowd size=no report,1683052245
IRL934,24-04-2023,2023,1,Demonstrations,Protests,Peaceful protest,Dublin,53.3498,-6.2603,1,crowd size=about 11,1728421373
IRL931,22-04-2023,2023,1,Demonstrations,Protests,Peaceful protest,Dublin,53.3498,-6.2603,1,crowd size=no report,1728421373
IRL927,21-04-2023,2023,1,Demonstrations,Protests,Peaceful protest,Dublin,53.3498,-6.2603,1,crowd size=no report,1728421373
IRL926,18-04-2023,2023,1,Demonstrations,Protests,Peaceful protest,Dublin,53.3498,-6.2603,1,crowd size=no report,1728421373
IRL919,06-04-2023,2023,1,Demonstrations,Protests,Peaceful protest,Dublin,53.3498,-6.2603,1,crowd size=approximately 60,1728421373
IRL918,02-04-2023,2023,1,Demonstrations,Protests,Peaceful protest,Collinstown,53.4213,-6.2701,1,crowd size=no report,1734479887
IRL917,01-04-2023,2023,1,Demonstrations,Protests,Peaceful protest,Dublin,53.3498,-6.2603,1,"crowd size=around 1,000",1681320987
IRL913,30-03-2023,2023,1,Demonstrations,Protests,Peaceful protest,Dublin,53.3498,-6.2603,1,crowd size=no report,1728421373
IRL912,29-03-2023,2023,1,Demonstrations,Protests,Peaceful protest,Dublin,53.3498,-6.2603,1,crowd size=hundreds,1728421373
IRL915,26-03-2023,2023,1,Demonstrations,Protests,Peaceful protest,Collinstown,53.4213,-6.2701,1,crowd size=no report,1734479887
IRL905,23-03-2023,2023,1,Demonstrations,Protests,Peaceful protest,Dublin,53.3498,-6.2603,1,crowd size=no report,1728421373
IRL902,21-03-2023,2023,1,Demonstrations,Protests,Peaceful protest,Dublin,53.3498,-6.2603,1,crowd size=no report,1728421373
IRL900,14-03-2023,2023,1,Demonstrations,Protests,Peaceful protest,Dublin,53.3498,-6.2603,1,crowd size=25,1728421373
IRL898,13-03-2023,2023,1,Demonstrations,Protests,Peaceful protest,Dublin,53.3498,-6.2603,1,crowd size=some 200,1679413870
IRL899,11-03-2023,2023,1,Demonstrations,Protests,Peaceful protest,Dublin,53.3498,-6.2603,1,crowd size=no report,1728421373
IRL895,08-03-2023,2023,1,Demonstrations,Protests,Peaceful protest,Dublin,53.3498,-6.2603,1,crowd size=hundreds,1734479887
IRL884,03-03-2023,2023,1,Demonstrations,Protests,Peaceful protest,Dublin,53.3498,-6.2603,1,crowd size=around 200,1728421373
IRL885,02-03-2023,2023,1,Demonstrations,Protests,Peaceful protest,Dublin,53.3498,-6.2603,1,crowd size=three,1728421373
IRL882,27-02-2023,2023,1,Demonstrations,Protests,Peaceful protest,Dublin,53.3498,-6.2603,1,crowd size=no report,1728421373
IRL881,26-02-2023,2023,1,Demonstrations,Protests,Peaceful protest,Dublin,53.3498,-6.2603,1,crowd size=up to 20,1728421373
IRL890,26-02-2023,2023,1,Demonstrations,Protests,Peaceful protest,Collinstown,53.4213,-6.2701,1,crowd size=small,1734479887
IRL870,24-02-2023,2023,1,Demonstrations,Protests,Peaceful protest,Dublin,53.3498,-6.2603,1,crowd size=hundreds,1680633891
IRL872,24-02-2023,2023,1,Demonstrations,Protests,Peaceful protest,Dublin,53.3498,-6.2603,1,crowd size=hundreds,1728421373
IRL889,23-02-2023,2023,1,Demonstrations,Protests,Peaceful protest,Dublin,53.3498,-6.2603,1,crowd size=at least 200,1728421373
IRL878,22-02-2023,2023,1,Demonstrations,Protests,Peaceful protest,Dublin,53.3498,-6.2603,1,crowd size=around 120,1728421373
IRL888,22-02-2023,2023,1,Demonstrations,Protests,Peaceful protest,Dublin,53.3498,-6.2603,1,crowd size=about 100,1728421373
IRL873,21-02-2023,2023,1,Demonstrations,Protests,Peaceful protest,Dublin,53.3498,-6.2603,1,crowd size=at least 20,1728421373
IRL877,20-02-2023,2023,1,Demonstrations,Protests,Peaceful protest,Dublin,53.3498,-6.2603,1,crowd size=no report,1728421373
IRL876,18-02-2023,2023,1,Demonstrations,Protests,Peaceful protest,Dublin,53.3498,-6.2603,1,"crowd size=over 20,000",1728421373
IRL868,15-02-2023,2023,1,Demonstrations,Protests,Peaceful protest,Dublin,53.3498,-6.2603,1,crowd size=approximately 50 to 60,1728421373
IRL869,15-02-2023,2023,1,Demonstrations,Protests,Peaceful protest,Dublin,53.3498,-6.2603,1,crowd size=dozens,1728421373
IRL867,14-02-2023,2023,1,Demonstrations,Protests,Peaceful protest,Dublin,53.3498,-6.2603,1,crowd size=about 200,1728421373
IRL866,13-02-2023,2023,1,Demonstrations,Protests,Peaceful protest,Dublin,53.3498,-6.2603,1,crowd size=no report,1728421373
IRL862,11-02-2023,2023,1,Demonstrations,Protests,Peaceful protest,Dublin,53.3498,-6.2603,1,crowd size=up to 200,1728421373
IRL859,06-02-2023,2023,1,Demonstrations,Protests,Peaceful protest,Dublin,53.3498,-6.2603,1,"crowd size=between 2,400 to 2,450",1728421373
IRL855,04-02-2023,2023,1,Demonstrations,Protests,Peaceful protest,Dublin,53.3498,-6.2603,1,crowd size=a few hundred,1676396767
IRL849,01-02-2023,2023,1,Demonstrations,Protests,Peaceful protest,Dublin,53.3498,-6.2603,1,crowd size=no report,1728421373
IRL853,01-02-2023,2023,1,Demonstrations,Protests,Peaceful protest,Dublin,53.3498,-6.2603,1,crowd size=more than 200,1728421373
IRL1246,30-01-2023,2023,1,Strategic developments,Strategic developments,Looting/property destruction,Dublin,53.3498,-6.2603,1,,1728421370
IRL848,30-01-2023,2023,1,Demonstrations,Protests,Peaceful protest,Dublin,53.3498,-6.2603,1,crowd size=around 200,1728421373
IRL850,28-01-2023,2023,1,Demonstrations,Protests,Peaceful protest,Dublin,53.3498,-6.2603,1,crowd size=several dozen,1680633880
IRL847,28-01-2023,2023,1,Political violence,Riots,Mob violence,Dublin,53.3498,-6.2603,1,crowd size=no report,1728421373
IRL834,26-01-2023,2023,1,Demonstrations,Protests,Peaceful protest,Dublin,53.3498,-6.2603,1,crowd size=hundreds,1680633877
IRL835,26-01-2023,2023,1,Demonstrations,Protests,Peaceful protest,Dublin,53.3498,-6.2603,1,crowd size=no report,1728421373
IRL833,25-01-2023,2023,1,Demonstrations,Protests,Peaceful protest,Dublin,53.3498,-6.2603,1,crowd size=no report,1728421373
IRL832,24-01-2023,2023,1,Demonstrations,Protests,Peaceful protest,Dublin,53.3498,-6.2603,1,crowd size=around 100,1728421373
IRL824,21-01-2023,2023,1,Demonstrations,Protests,Peaceful protest,Dublin,53.3498,-6.2603,1,crowd size=about 550,1728421373
IRL827,21-01-2023,2023,1,Demonstrations,Protests,Peaceful protest,Clondalkin,53.3223,-6.394,1,crowd size=dozens,1728421373
IRL831,21-01-2023,2023,1,Demonstrations,Protests,Peaceful protest,Dublin,53.3498,-6.2603,1,crowd size=no report,1728421373
IRL820,19-01-2023,2023,1,Demonstrations,Protests,Peaceful protest,Dublin,53.3498,-6.2603,1,crowd size=over 200,1728421373
IRL812,12-01-2023,2023,1,Demonstrations,Protests,Peaceful protest,Dublin,53.3498,-6.2603,1,crowd size=no report,1728421373
IRL816,12-01-2023,2023,1,Demonstrations,Protests,Peaceful protest,Dublin,53.3498,-6.2603,1,crowd size=around 100,1728421373
IRL817,12-01-2023,2023,1,Demonstrations,Protests,Peaceful protest,Clondalkin,53.3223,-6.394,1,crowd size=no report,1728421373
IRL818,12-01-2023,2023,1,Demonstrations,Protests,Peaceful protest,Tallaght,53.2878,-6.3622,1,crowd size=no report,1728421373
IRL809,09-01-2023,2023,1,Demonstrations,Protests,Peaceful protest,Dublin,53.3498,-6.2603,1,crowd size=no report,1677617809
IRL813,08-01-2023,2023,1,Demonstrations,Protests,Peaceful protest,Dublin,53.3498,-6.2603,1,crowd size=no report,1728421373
IRL814,08-01-2023,2023,1,Demonstrations,Protests,Peaceful protest,Dublin,53.3498,-6.2603,1,crowd size=no report,1728421373
IRL806,04-01-2023,2023,1,Demonstrations,Protests,Peaceful protest,Dublin,53.3498,-6.2603,1,crowd size=a large crowd,1728421373
IRL808,03-01-2023,2023,1,Demonstrations,Protests,Protest with intervention,Dublin,53.3498,-6.2603,1,crowd size=no report,1728421373
IRL801,17-12-2022,2022,1,Demonstrations,Protests,Peaceful protest,Dublin,53.3498,-6.2603,1,crowd size=several,1729023533
IRL805,14-12-2022,2022,1,Demonstrations,Protests,Peaceful protest,Dublin,53.3498,-6.2603,1,crowd size=no report,1728421373
IRL800,07-12-2022,2022,1,Demonstrations,Protests,Peaceful protest,Dublin,53.3498,-6.2603,1,crowd size=no report,1728421373
IRL796,05-12-2022,2022,1,Demonstrations,Protests,Peaceful protest,Dublin,53.3498,-6.2603,1,crowd size=no report,1728421373
IRL799,05-12-2022,2022,1,Demonstrations,Protests,Peaceful protest,Dublin,53.3498,-6.2603,1,crowd size=no report,1728421373
IRL785,02-12-2022,2022,1,Demonstrations,Protests,Peaceful protest,Dublin,53.3498,-6.2603,1,crowd size=several dozen,1728421373
IRL786,02-12-2022,2022,1,Demonstrations,Protests,Peaceful protest,Dublin,53.3498,-6.2603,1,crowd size=no report,1728421373
IRL783,30-11-2022,2022,1,Demonstrations,Protests,Peaceful protest,Dublin,53.3498,-6.2603,1,crowd size=no report,1728421373
IRL782,28-11-2022,2022,1,Demonstrations,Protests,Peaceful protest,Dublin,53.3498,-6.2603,1,crowd size=up to 300,1728421373
IRL787,26-11-2022,2022,1,Demonstrations,Protests,Peaceful protest,Dublin,53.3498,-6.2603,1,crowd size=thousands,1728421373
IRL791,26-11-2022,2022,1,Demonstrations,Protests,Peaceful protest,Dublin,53.3498,-6.2603,1,crowd size=between 200 and 300,1728421373
IRL775,25-11-2022,2022,1,Demonstrations,Protests,Peaceful protest,Dublin,53.3498,-6.2603,1,crowd size=no report,1687901515
IRL780,23-11-2022,2022,1,Demonstrations,Protests,Peaceful protest,Dublin,53.3498,-6.2603,1,crowd size=no report,1728421373
IRL778,21-11-2022,2022,1,Demonstrations,Protests,Peaceful protest,Dublin,53.3498,-6.2603,1,crowd size=hundreds,1728421373
IRL776,19-11-2022,2022,1,Demonstrations,Protests,Peaceful protest,Dublin,53.3498,-6.2603,1,crowd size=no report,1674580728
IRL777,19-11-2022,2022,1,Demonstrations,Protests,Peaceful protest,Dublin,53.3498,-6.2603,1,crowd size=up to 300,1728421373
IRL770,15-11-2022,2022,1,Demonstrations,Protests,Peaceful protest,Dublin,53.3498,-6.2603,1,crowd size=no report,1728421373
IRL769,12-11-2022,2022,1,Demonstrations,Protests,Peaceful protest,Dublin,53.3498,-6.2603,1,crowd size=no report,1728421373
IRL758,11-11-2022,2022,1,Demonstrations,Protests,Peaceful protest,Dublin,53.3498,-6.2603,1,crowd size=no report,1728421372
IRL763,11-11-2022,2022,1,Demonstrations,Protests,Peaceful protest,Dublin,53.3498,-6.2603,1,crowd size=no report,1728421372
IRL757,29-10-2022,2022,1,Demonstrations,Protests,Peaceful protest,Dublin,53.3498,-6.2603,1,crowd size=hundreds,1734479887
IRL754,23-10-2022,2022,1,Demonstrations,Protests,Peaceful protest,Dublin,53.3498,-6.2603,1,crowd size=no report,1728421372
IRL756,22-10-2022,2022,1,Demonstrations,Protests,Peaceful protest,Dublin,53.3498,-6.2603,1,crowd size=no report,1728421372
IRL750,16-10-2022,2022,1,Demonstrations,Protests,Peaceful protest,Dublin,53.3498,-6.2603,1,crowd size=no report,1728421372
IRL751,14-10-2022,2022,1,Demonstrations,Protests,Peaceful protest,Dublin,53.3498,-6.2603,1,crowd size=no report,1728421372
IRL742,13-10-2022,2022,1,Demonstrations,Protests,Peaceful protest,Dublin,53.3498,-6.2603,1,crowd size=large crowds,1729023533
IRL741,11-10-2022,2022,1,Demonstrations,Protests,Peaceful protest,Dublin,53.3498,-6.2603,1,crowd size=no report,1674580728
IRL736,27-09-2022,2022,1,Demonstrations,Protests,Peaceful protest,Dublin,53.3498,-6.2603,1,crowd size=three,1728421372
IRL738,24-09-2022,2022,1,Demonstrations,Protests,Peaceful protest,Dublin,53.3498,-6.2603,1,crowd size=no report,1674580728
IRL734,24-09-2022,2022,1,Demonstrations,Protests,Peaceful protest,Dublin,53.3498,-6.2603,1,crowd size=thousands,1728421372
IRL732,19-09-2022,2022,1,Demonstrations,Protests,Peaceful protest,Dublin,53.3498,-6.2603,1,crowd size=no report,1734479887
IRL731,17-09-2022,2022,1,Demonstrations,Protests,Peaceful protest,Dublin,53.3498,-6.2603,1,crowd size=a large crowd,1728421372
IRL719,14-09-2022,2022,1,Demonstrations,Protests,Peaceful protest,Dublin,53.3498,-6.2603,1,crowd size=no report,1728421372
IRL701,31-08-2022,2022,1,Demonstrations,Protests,Peaceful protest,Dublin,53.3498,-6.2603,1,crowd size=no report,1728421372
IRL708,31-08-2022,2022,1,Demonstrations,Protests,Peaceful protest,Dublin,53.3498,-6.2603,1,"crowd size=over 3,000",1728421372
IRL705,27-08-2022,2022,1,Demonstrations,Protests,Peaceful protest,Dublin,53.3498,-6.2603,1,crowd size=around 100,1728421372
IRL700,24-08-2022,2022,1,Demonstrations,Protests,Peaceful protest,Dublin,53.3498,-6.2603,1,crowd size=thousands,1728421372
IRL715,19-08-2022,2022,1,Demonstrations,Protests,Peaceful protest,Dublin,53.3498,-6.2603,1,crowd size=no report,1728421372
IRL707,17-08-2022,2022,1,Demonstrations,Protests,Peaceful protest,Dublin,53.3498,-6.2603,1,crowd size=no report,1728421372
IRL712,15-08-2022,2022,1,Demonstrations,Protests,Peaceful protest,Dublin,53.3498,-6.2603,1,crowd size=10,1728421372
IRL698,04-08-2022,2022,2,Demonstrations,Protests,Peaceful protest,Dublin,53.3498,-6.2603,1,crowd size=no report,1674580728
IRL690,04-08-2022,2022,1,Political violence,Riots,Mob violence,Dublin,53.3498,-6.2603,1,crowd size=between 40 to 45,1728421372
IRL697,28-07-2022,2022,1,Demonstrations,Protests,Peaceful protest,Dublin,53.3498,-6.2603,1,crowd size=no report,1687901515
IRL681,23-07-2022,2022,1,Demonstrations,Protests,Peaceful protest,Dublin,53.3498,-6.2603,1,crowd size=no report,1728421372
IRL679,16-07-2022,2022,1,Demonstrations,Protests,Peaceful protest,Dublin,53.3498,-6.2603,1,"crowd size=up to 2,000",1728421372
IRL676,13-07-2022,2022,1,Demonstrations,Protests,Peaceful protest,Dublin,53.3498,-6.2603,1,crowd size=50 or so,1728421372
IRL674,07-07-2022,2022,1,Demonstrations,Protests,Peaceful protest,Dublin,53.3498,-6.2603,1,crowd size=no report,1728421372
IRL668,06-07-2022,2022,1,Demonstrations,Protests,Peaceful protest,Dublin,53.3498,-6.2603,1,crowd size=no report,1674580728
IRL671,06-07-2022,2022,1,Demonstrations,Protests,Peaceful protest,Dublin,53.3498,-6.2603,1,crowd size=no report,1728421372
IRL663,05-07-2022,2022,1,Demonstrations,Protests,Peaceful protest,Dublin,53.3498,-6.2603,1,crowd size=no report,1728421372
IRL670,02-07-2022,2022,1,Demonstrations,Protests,Peaceful protest,Dublin,53.3498,-6.2603,1,crowd size=hundreds,1728421372
IRL661,28-06-2022,2022,2,Demonstrations,Protests,Peaceful protest,Dublin,53.3498,-6.2603,1,crowd size=no report,1728421372
IRL659,26-06-2022,2022,1,Demonstrations,Protests,Peaceful protest,Dublin,53.3498,-6.2603,1,crowd size=around 200,1674580728
IRL657,25-06-2022,2022,1,Demonstrations,Protests,Peaceful protest,Dublin,53.3498,-6.2603,1,crowd size=thousands,1728421372
IRL653,22-06-2022,2022,1,Demonstrations,Protests,Peaceful protest,Dublin,53.3498,-6.2603,1,crowd size=no report,1674580728
IRL654,18-06-2022,2022,1,Demonstrations,Protests,Peaceful protest,Dublin,53.3498,-6.2603,1,crowd size=thousands,1728421372
IRL645,14-06-2022,2022,1,Demonstrations,Protests,Peaceful protest,Drumcondra,53.3633,-6.2598,1,crowd size=no report,1728421372
IRL639,11-06-2022,2022,1,Demonstrations,Protests,Peaceful protest,Dublin,53.3498,-6.2603,1,crowd size=no report,1674580728
IRL637,09-06-2022,2022,1,Demonstrations,Protests,Protest with intervention,Dublin,53.3498,-6.2603,1,crowd size=no report,1728421372
IRL636,08-06-2022,2022,1,Demonstrations,Protests,Peaceful protest,Dublin,53.3498,-6.2603,1,crowd size=no report,1728421372
IRL635,31-05-2022,2022,1,Demonstrations,Protests,Peaceful protest,Dublin,53.3498,-6.2603,1,crowd size=no report,1728421372
IRL627,19-05-2022,2022,1,Demonstrations,Protests,Peaceful protest,Dublin,53.3498,-6.2603,1,crowd size=more than 100,1728421372
IRL624,18-05-2022,2022,1,Demonstrations,Protests,Peaceful protest,Dublin,53.3498,-6.2603,1,crowd size=no report,1728421372
IRL628,18-05-2022,2022,1,Demonstrations,Protests,Peaceful protest,Dublin,53.3498,-6.2603,1,crowd size=no report,1728421372
IRL626,14-05-2022,2022,1,Demonstrations,Protests,Peaceful protest,Dublin,53.3498,-6.2603,1,crowd size=hundreds,1674580728
IRL621,06-05-2022,2022,1,Demonstrations,Protests,Peaceful protest,Dublin,53.3498,-6.2603,1,crowd size=no report,1674580728
IRL606,03-05-2022,2022,1,Demonstrations,Protests,Peaceful protest,Dublin,53.3498,-6.2603,1,crowd size=no report,1674580728
IRL607,01-05-2022,2022,1,Demonstrations,Protests,Peaceful protest,Dublin,53.3498,-6.2603,1,crowd size=no report,1680633876
IRL605,29-04-2022,2022,1,Demonstrations,Protests,Peaceful protest,Dublin,53.3498,-6.2603,1,crowd size=no report,1687901515
IRL612,28-04-2022,2022,1,Demonstrations,Protests,Peaceful protest,Dublin,53.3498,-6.2603,1,crowd size=no report,1728421372
IRL608,23-04-2022,2022,1,Demonstrations,Protests,Peaceful protest,Dublin,53.3498,-6.2603,1,crowd size=hundreds,1689092979
IRL611,23-04-2022,2022,1,Demonstrations,Protests,Peaceful protest,Dublin,53.3498,-6.2603,1,crowd size=no report,1728421372
IRL604,22-04-2022,2022,1,Demonstrations,Protests,Peaceful protest,Dublin,53.3498,-6.2603,1,crowd size=more than 50,1728421372
IRL585,15-04-2022,2022,1,Demonstrations,Protests,Peaceful protest,Dublin,53.3498,-6.2603,1,crowd size=a large crowd,1728421372
IRL601,14-04-2022,2022,1,Demonstrations,Protests,Peaceful protest,Dublin,53.3498,-6.2603,1,crowd size=around 100,1728421372
IRL584,11-04-2022,2022,1,Demonstrations,Protests,Peaceful protest,Dublin,53.3498,-6.2603,1,crowd size=at least 30,1728421372
IRL600,10-04-2022,2022,1,Demonstrations,Protests,Peaceful protest,Dublin,53.3498,-6.2603,2,crowd size=more than a dozen cars,1728421372
IRL634,10-04-2022,2022,1,Political violence,Riots,Mob violence,Dublin,53.3498,-6.2603,1,crowd size=3,1728421372
IRL580,06-04-2022,2022,1,Demonstrations,Protests,Peaceful protest,Dublin,53.3498,-6.2603,1,crowd size=no report,1728421372
IRL579,04-04-2022,2022,1,Demonstrations,Protests,Peaceful protest,Dublin,53.3498,-6.2603,1,crowd size=no report,1728421372
IRL573,29-03-2022,2022,1,Demonstrations,Protests,Peaceful protest,Dublin,53.3498,-6.2603,1,crowd size=no report,1728421372
IRL574,26-03-2022,2022,1,Demonstrations,Protests,Peaceful protest,Dublin,53.3498,-6.2603,1,crowd size=no report,1734465867
IRL569,25-03-2022,2022,1,Demonstrations,Protests,Peaceful protest,Dublin,53.3498,-6.2603,1,crowd size=300 to 400,1728421372
IRL570,24-03-2022,2022,1,Demonstrations,Protests,Peaceful protest,Dublin,53.3498,-6.2603,1,crowd size=hundreds,1728421372
IRL554,07-03-2022,2022,1,Strategic developments,Strategic developments,Looting/property destruction,Dublin,53.3498,-6.2603,1,,1674580728
IRL558,06-03-2022,2022,1,Demonstrations,Protests,Peaceful protest,Dublin,53.3498,-6.2603,1,crowd size=no report,1728421372
IRL556,05-03-2022,2022,1,Demonstrations,Protests,Peaceful protest,Dublin,53.3498,-6.2603,1,crowd size=hundreds,1728421372
IRL557,05-03-2022,2022,1,Demonstrations,Protests,Peaceful protest,Dublin,53.3498,-6.2603,1,crowd size=about 2000,1728421372
IRL553,28-02-2022,2022,1,Demonstrations,Protests,Peaceful protest,Balbriggan,53.6098,-6.1861,1,crowd size=150,1728421372
IRL552,28-02-2022,2022,1,Demonstrations,Protests,Peaceful protest,Dublin,53.3498,-6.2603,1,crowd size=dozens,1734479887
IRL551,27-02-2022,2022,1,Demonstrations,Protests,Peaceful protest,Dublin,53.3498,-6.2603,1,crowd size=hundreds,1728421372
IRL549,26-02-2022,2022,1,Demonstrations,Protests,Peaceful protest,Dublin,53.3498,-6.2603,1,crowd size=dozens,1728421372
IRL547,25-02-2022,2022,1,Demonstrations,Protests,Peaceful protest,Dublin,53.3498,-6.2603,1,crowd size=no report,1728421372
IRL548,24-02-2022,2022,1,Demonstrations,Protests,Peaceful protest,Dublin,53.3498,-6.2603,1,crowd size=dozens,1729023533
IRL544,15-02-2022,2022,1,Demonstrations,Protests,Peaceful protest,Dublin,53.3498,-6.2603,1,crowd size=no report,1728421372
IRL538,04-02-2022,2022,1,Demonstrations,Protests,Peaceful protest,Dublin,53.3498,-6.2603,1,crowd size=no report,1728421372
IRL532,28-01-2022,2022,1,Demonstrations,Protests,Peaceful protest,Dublin,53.3498,-6.2603,1,crowd size=no report,1728421372
IRL534,22-01-2022,2022,1,Demonstrations,Protests,Peaceful protest,Dublin,53.3498,-6.2603,1,crowd size=more than 200,1728421372
IRL529,20-01-2022,2022,1,Demonstrations,Protests,Peaceful protest,Dublin,53.3498,-6.2603,1,crowd size=no report,1674580728
IRL528,20-01-2022,2022,1,Demonstrations,Protests,Peaceful protest,Blanchardstown,53.3868,-6.3775,1,crowd size=no report,1726602889
IRL531,19-01-2022,2022,1,Demonstrations,Protests,Peaceful protest,Dublin,53.3498,-6.2603,1,crowd size=no report,1728421372
IRL525,17-01-2022,2022,1,Demonstrations,Protests,Peaceful protest,Tallaght,53.2878,-6.3622,1,crowd size=no report,1728421372
IRL524,13-01-2022,2022,1,Demonstrations,Protests,Peaceful protest,Dublin,53.3498,-6.2603,1,crowd size=no report,1728421372
IRL517,13-12-2021,2021,1,Demonstrations,Protests,Peaceful protest,Dublin,53.3498,-6.2603,1,crowd size=no report,1728421372
IRL520,13-12-2021,2021,2,Demonstrations,Protests,Peaceful protest,Drumcondra,53.3633,-6.2598,1,crowd size=no report,1728421372
IRL506,08-12-2021,2021,1,Demonstrations,Protests,Peaceful protest,Dublin,53.3498,-6.2603,1,crowd size=no report,1728421372
IRL504,27-11-2021,2021,1,Demonstrations,Protests,Peaceful protest,Dublin,53.3498,-6.2603,1,crowd size=several thousand,1728421372
IRL499,24-11-2021,2021,1,Demonstrations,Protests,Peaceful protest,Dublin,53.3498,-6.2603,1,crowd size=no report,1674580728
IRL502,23-11-2021,2021,1,Demonstrations,Protests,Peaceful protest,Dublin,53.3498,-6.2603,1,crowd size=around 300,1674580728
IRL498,21-11-2021,2021,1,Demonstrations,Protests,Peaceful protest,Dublin,53.3498,-6.2603,1,crowd size=around 100 tractors,1674580728
IRL490,13-11-2021,2021,1,Demonstrations,Protests,Protest with intervention,Dublin,53.3498,-6.2603,1,crowd size=no report,1728421372
IRL484,10-11-2021,2021,1,Demonstrations,Protests,Peaceful protest,Dublin,53.3498,-6.2603,1,crowd size=around 10,1728421372
IRL487,06-11-2021,2021,1,Demonstrations,Protests,Peaceful protest,Dublin,53.3498,-6.2603,1,crowd size=several thousand,1728421372
IRL480,04-11-2021,2021,1,Demonstrations,Protests,Peaceful protest,Dublin,53.3498,-6.2603,1,crowd size=no report,1728421372
IRL479,03-11-2021,2021,1,Demonstrations,Protests,Peaceful protest,Dublin,53.3498,-6.2603,1,crowd size=over 100,1728421372
IRL476,02-11-2021,2021,1,Demonstrations,Protests,Peaceful protest,Dublin,53.3498,-6.2603,1,crowd size=around 200,1728421372
IRL477,02-11-2021,2021,1,Demonstrations,Protests,Peaceful protest,Dublin,53.3498,-6.2603,1,crowd size=no report,1728421372
IRL474,30-10-2021,2021,1,Demonstrations,Protests,Peaceful protest,Dublin,53.3498,-6.2603,1,crowd size=more than 400,1728421372
IRL471,29-10-2021,2021,1,Demonstrations,Protests,Peaceful protest,Dublin,53.3498,-6.2603,1,crowd size=no report,1728421372
IRL468,26-10-2021,2021,1,Demonstrations,Protests,Peaceful protest,Dublin,53.3498,-6.2603,1,crowd size=a small group,1728421372
IRL466,21-10-2021,2021,1,Demonstrations,Protests,Peaceful protest,Dublin,53.3498,-6.2603,1,crowd size=no report,1728421372
IRL465,20-10-2021,2021,1,Demonstrations,Protests,Peaceful protest,Dublin,53.3498,-6.2603,1,crowd size=around 50,1728421372
IRL458,13-10-2021,2021,1,Demonstrations,Protests,Peaceful protest,Dublin,53.3498,-6.2603,1,crowd size=no report,1698180615
IRL460,13-10-2021,2021,1,Demonstrations,Protests,Peaceful protest,Dublin,53.3498,-6.2603,1,crowd size=hundreds,1728421372
IRL461,09-10-2021,2021,1,Demonstrations,Protests,Peaceful protest,Dublin,53.3498,-6.2603,1,crowd size=hundreds,1728421372
IRL459,08-10-2021,2021,1,Demonstrations,Protests,Peaceful protest,Dublin,53.3498,-6.2603,1,crowd size=20000 to 30000,1728421372
IRL452,06-10-2021,2021,1,Demonstrations,Protests,Peaceful protest,Dublin,53.3498,-6.2603,1,crowd size=hundreds,1728421372
IRL451,05-10-2021,2021,1,Demonstrations,Protests,Peaceful protest,Dublin,53.3498,-6.2603,1,crowd size=no report,1728421372
IRL450,04-10-2021,2021,1,Demonstrations,Protests,Peaceful protest,Dublin,53.3498,-6.2603,1,crowd size=no report,1674580728
IRL449,03-10-2021,2021,1,Demonstrations,Protests,Peaceful protest,Dublin,53.3498,-6.2603,1,crowd size=no report,1728421372
IRL448,02-10-2021,2021,1,Demonstrations,Protests,Peaceful protest,Dublin,53.3498,-6.2603,1,crowd size=no size,1728421372
IRL444,30-09-2021,2021,1,Demonstrations,Protests,Peaceful protest,Dublin,53.3498,-6.2603,1,crowd size=no report,1674580728
IRL445,30-09-2021,2021,1,Demonstrations,Protests,Peaceful protest,Dublin,53.3498,-6.2603,1,crowd size=no report,1728421372
IRL443,26-09-2021,2021,1,Demonstrations,Protests,Peaceful protest,Dublin,53.3498,-6.2603,1,crowd size=no report,1728421372
IRL442,25-09-2021,2021,1,Demonstrations,Protests,Peaceful protest,Dublin,53.3498,-6.2603,1,crowd size=no report,1728421372
IRL440,24-09-2021,2021,1,Demonstrations,Protests,Peaceful protest,Dublin,53.3498,-6.2603,1,crowd size=no report,1728421372
IRL437,23-09-2021,2021,1,Demonstrations,Protests,Peaceful protest,Dublin,53.3498,-6.2603,1,crowd size=no report,1674580728
IRL435,19-09-2021,2021,1,Demonstrations,Protests,Peaceful protest,Dublin,53.3498,-6.2603,1,crowd size=around 25,1674580728
IRL436,19-09-2021,2021,1,Demonstrations,Protests,Peaceful protest,Dublin,53.3498,-6.2603,1,crowd size=hundreds,1674580728
IRL433,15-09-2021,2021,1,Demonstrations,Protests,Peaceful protest,Dublin,53.3498,-6.2603,1,crowd size=no report,1728421372
IRL696,15-09-2021,2021,2,Demonstrations,Protests,Peaceful protest,Dublin,53.3498,-6.2603,1,crowd size=no report,1728421372
IRL425,06-09-2021,2021,1,Demonstrations,Protests,Peaceful protest,Dublin,53.3498,-6.2603,1,crowd size=between 100 and 200,1728421372
IRL416,03-09-2021,2021,1,Demonstrations,Protests,Peaceful protest,Dublin,53.3498,-6.2603,1,crowd size=no report,1728421372
IRL418,05-08-2021,2021,2,Demonstrations,Protests,Peaceful protest,Dublin,53.3498,-6.2603,1,crowd size=no report,1728421372
IRL414,29-07-2021,2021,1,Demonstrations,Protests,Peaceful protest,Dublin,53.3498,-6.2603,1,crowd size=hundreds,1728421372
IRL412,27-07-2021,2021,1,Demonstrations,Protests,Peaceful protest,Dublin,53.3498,-6.2603,1,crowd size=no report,1728421372
IRL413,26-07-2021,2021,1,Demonstrations,Protests,Peaceful protest,Dublin,53.3498,-6.2603,1,crowd size=no report,1728421372
IRL410,24-07-2021,2021,1,Demonstrations,Protests,Peaceful protest,Dublin,53.3498,-6.2603,1,crowd size=between 1500 and 2000,1728421372
IRL406,15-07-2021,2021,1,Demonstrations,Protests,Peaceful protest,Dublin,53.3498,-6.2603,1,crowd size=around 1000,1728421371
IRL405,14-07-2021,2021,1,Demonstrations,Protests,Peaceful protest,Dublin,53.3498,-6.2603,1,crowd size=no report,1728421371
IRL407,14-07-2021,2021,1,Demonstrations,Protests,Protest with intervention,Dublin,53.3498,-6.2603,1,crowd size=hundreds,1728421371
IRL404,13-07-2021,2021,1,Demonstrations,Protests,Peaceful protest,Dublin,53.3498,-6.2603,1,crowd size=no report,1674580728
IRL401,09-07-2021,2021,1,Demonstrations,Protests,Peaceful protest,Dublin,53.3498,-6.2603,1,crowd size=no report,1728421371
IRL402,07-07-2021,2021,2,Demonstrations,Protests,Peaceful protest,Dublin,53.3498,-6.2603,1,crowd size=no report,1697584397
IRL398,07-07-2021,2021,2,Demonstrations,Protests,Peaceful protest,Dublin,53.3498,-6.2603,1,crowd size=no report,1728421371
IRL403,07-07-2021,2021,1,Demonstrations,Protests,Peaceful protest,Dublin,53.3498,-6.2603,1,crowd size=no report,1728421371
IRL400,03-07-2021,2021,1,Demonstrations,Protests,Peaceful protest,Dublin,53.3498,-6.2603,1,crowd size=more than 300,1728421371
IRL396,26-06-2021,2021,1,Demonstrations,Protests,Peaceful protest,Dublin,53.3498,-6.2603,1,crowd size=thousands,1728421371
IRL390,25-06-2021,2021,1,Demonstrations,Protests,Peaceful protest,Dublin,53.3498,-6.2603,1,crowd size=no report,1728421371
IRL386,23-06-2021,2021,1,Demonstrations,Protests,Peaceful protest,Dublin,53.3498,-6.2603,1,crowd size=up to 100,1728421371
IRL387,23-06-2021,2021,1,Demonstrations,Protests,Peaceful protest,Dublin,53.3498,-6.2603,1,crowd size=over 50 trawlers,1728421371
IRL389,19-06-2021,2021,1,Demonstrations,Protests,Peaceful protest,Dublin,53.3498,-6.2603,1,crowd size=hundreds,1728421371
IRL385,16-06-2021,2021,1,Demonstrations,Protests,Peaceful protest,Dublin,53.3498,-6.2603,1,crowd size=less than 100,1674580728
IRL383,15-06-2021,2021,1,Demonstrations,Protests,Peaceful protest,Dublin,53.3498,-6.2603,1,crowd size=hundreds,1728421371
IRL384,15-06-2021,2021,1,Demonstrations,Protests,Peaceful protest,Dublin,53.3498,-6.2603,1,crowd size=no report,1728421371
IRL377,29-05-2021,2021,1,Demonstrations,Protests,Peaceful protest,Dublin,53.3498,-6.2603,1,crowd size=no report,1728421371
IRL699,26-05-2021,2021,2,Demonstrations,Protests,Peaceful protest,Dublin,53.3498,-6.2603,1,crowd size=no report,1687901515
IRL373,22-05-2021,2021,1,Demonstrations,Protests,Peaceful protest,Dublin,53.3498,-6.2603,1,crowd size=several thousand,1728421371
IRL369,21-05-2021,2021,1,Demonstrations,Protests,Peaceful protest,Dun Laoghaire,53.2922,-6.136,1,crowd size=no report,1728421371
IRL367,18-05-2021,2021,1,Demonstrations,Protests,Peaceful protest,Baldonnel,53.3025,-6.4329,1,crowd size=no report,1730240662
IRL359,15-05-2021,2021,1,Demonstrations,Protests,Peaceful protest,Dublin,53.3498,-6.2603,1,crowd size=several thousand,1728421371
IRL360,15-05-2021,2021,1,Demonstrations,Protests,Peaceful protest,Dun Laoghaire,53.2922,-6.136,1,crowd size=no report,1728421371
IRL355,14-05-2021,2021,1,Demonstrations,Protests,Peaceful protest,Dublin,53.3498,-6.2603,1,crowd size=no report,1728421371
IRL361,14-05-2021,2021,1,Demonstrations,Protests,Peaceful protest,Dublin,53.3498,-6.2603,1,crowd size=no report,1728421371
IRL352,11-05-2021,2021,1,Demonstrations,Protests,Peaceful protest,Dublin,53.3498,-6.2603,1,crowd size=no report,1728421371
IRL348,01-05-2021,2021,1,Demonstrations,Protests,Peaceful protest,Dublin,53.3498,-6.2603,1,crowd size=hundreds,1728421371
IRL346,27-04-2021,2021,1,Demonstrations,Protests,Peaceful protest,Blanchardstown,53.3868,-6.3775,1,crowd size=no report,1728421371
IRL345,22-04-2021,2021,1,Demonstrations,Protests,Protest with intervention,Dublin,53.3498,-6.2603,1,crowd size=no report,1728421371
IRL343,09-04-2021,2021,1,Demonstrations,Protests,Peaceful protest,Dublin,53.3498,-6.2603,1,crowd size=approximately 30,1728421371
IRL340,31-03-2021,2021,1,Demonstrations,Protests,Peaceful protest,Dublin,53.3498,-6.2603,1,crowd size=no report,1728421371
IRL336,23-03-2021,2021,1,Demonstrations,Protests,Peaceful protest,Dublin,53.3498,-6.2603,1,crowd size=no report,1728421371
IRL337,22-03-2021,2021,1,Demonstrations,Protests,Peaceful protest,Dublin,53.3498,-6.2603,1,crowd size=no report,1698180615
IRL339,20-03-2021,2021,1,Demonstrations,Protests,Protest with intervention,Dublin,53.3498,-6.2603,1,crowd size=up to 150,1728421371
IRL334,17-03-2021,2021,1,Demonstrations,Protests,Protest with intervention,Dublin,53.3498,-6.2603,1,crowd size=between 400 to 600,1728421371
IRL335,17-03-2021,2021,1,Demonstrations,Protests,Protest with intervention,Clonskeagh,53.3056,-6.2383,1,crowd size=no more than 150,1728421371
IRL331,16-03-2021,2021,1,Demonstrations,Protests,Peaceful protest,Dublin,53.3498,-6.2603,1,crowd size=dozens,1734479887
IRL327,08-03-2021,2021,1,Demonstrations,Protests,Peaceful protest,Dublin,53.3498,-6.2603,1,crowd size=no report,1674580729
IRL323,08-03-2021,2021,1,Demonstrations,Protests,Peaceful protest,Blackrock,53.3018,-6.1788,1,crowd size=no report,1716919058
IRL324,08-03-2021,2021,1,Demonstrations,Protests,Peaceful protest,Blanchardstown,53.3868,-6.3775,1,crowd size=no report,1726602889
IRL321,08-03-2021,2021,1,Demonstrations,Protests,Peaceful protest,Tallaght,53.2878,-6.3622,1,crowd size=no report,1728421371
IRL320,27-02-2021,2021,1,Demonstrations,Riots,Violent demonstration,Dublin,53.3498,-6.2603,1,crowd size=hundreds,1729023533
IRL313,21-01-2021,2021,1,Demonstrations,Protests,Peaceful protest,Dublin,53.3498,-6.2603,1,crowd size=around 50,1728421371
IRL315,21-01-2021,2021,1,Demonstrations,Protests,Peaceful protest,Dublin,53.3498,-6.2603,1,crowd size=around 30,1728421371
IRL316,20-01-2021,2021,1,Demonstrations,Protests,Protest with intervention,Dublin,53.3498,-6.2603,1,crowd size=no report,1728421371
IRL311,13-01-2021,2021,1,Demonstrations,Protests,Peaceful protest,Dublin,53.3498,-6.2603,1,crowd size=several hundred,1728421371
IRL312,09-01-2021,2021,1,Demonstrations,Protests,Peaceful protest,Dublin,53.3498,-6.2603,1,crowd size=around 60,1674580729
IRL309,04-01-2021,2021,1,Demonstrations,Protests,Peaceful protest,Dublin,53.3498,-6.2603,1,crowd size=around 50,1728421371
IRL308,03-01-2021,2021,1,Demonstrations,Protests,Peaceful protest,Dublin,53.3498,-6.2603,1,crowd size=no report,1674580729
IRL303,02-01-2021,2021,1,Demonstrations,Protests,Peaceful protest,Dublin,53.3498,-6.2603,1,crowd size=around 100,1728421371
IRL301,01-01-2021,2021,1,Demonstrations,Protests,Peaceful protest,Dublin,53.3498,-6.2603,1,crowd size=around 150,1728421371
IRL305,31-12-2020,2020,1,Demonstrations,Protests,Peaceful protest,Dublin,53.3498,-6.2603,1,crowd size=hundreds,1728421371
IRL300,22-12-2020,2020,1,Demonstrations,Protests,Peaceful protest,Dublin,53.3498,-6.2603,1,crowd size=no report,1674580729
IRL298,15-12-2020,2020,1,Demonstrations,Protests,Peaceful protest,Dublin,53.3498,-6.2603,1,crowd size=no report,1728421371
IRL291,03-12-2020,2020,1,Demonstrations,Protests,Peaceful protest,Dublin,53.3498,-6.2603,1,crowd size=no report,1728421371
IRL288,28-11-2020,2020,1,Demonstrations,Protests,Peaceful protest,Dublin,53.3498,-6.2603,1,crowd size=no report,1728421371
IRL287,17-11-2020,2020,1,Demonstrations,Protests,Peaceful protest,Dublin,53.3498,-6.2603,1,crowd size=no report,1728421371
IRL283,02-11-2020,2020,1,Demonstrations,Protests,Peaceful protest,Dublin,53.3498,-6.2603,1,crowd size=no report,1728421371
IRL277,26-10-2020,2020,1,Demonstrations,Protests,Peaceful protest,Dublin,53.3498,-6.2603,1,crowd size=around 100,1728421371
IRL276,25-10-2020,2020,1,Demonstrations,Protests,Peaceful protest,Rathfarnham,53.3005,-6.2828,1,crowd size=around 50,1728421371
IRL275,24-10-2020,2020,1,Demonstrations,Protests,Peaceful protest,Dublin,53.3498,-6.2603,1,crowd size=around 60,1728421371
IRL274,22-10-2020,2020,1,Demonstrations,Protests,Protest with intervention,Dublin,53.3498,-6.2603,1,crowd size=around 200,1728421371
IRL273,21-10-2020,2020,1,Demonstrations,Protests,Peaceful protest,Dublin,53.3498,-6.2603,1,crowd size=at least 100,1695742133
IRL271,21-10-2020,2020,1,Demonstrations,Protests,Peaceful protest,Blackrock,53.3018,-6.1788,1,crowd size=no report,1716919058
IRL270,13-10-2020,2020,1,Demonstrations,Protests,Peaceful protest,Dublin,53.3498,-6.2603,1,crowd size=no report,1728421371
IRL269,12-10-2020,2020,1,Demonstrations,Protests,Peaceful protest,Dublin,53.3498,-6.2603,1,crowd size=no report,1674580729
IRL307,12-10-2020,2020,1,Demonstrations,Protests,Peaceful protest,Dublin,53.3498,-6.2603,1,crowd size=no report,1674580729
IRL268,10-10-2020,2020,1,Demonstrations,Riots,Violent demonstration,Dublin,53.3498,-6.2603,1,crowd size=hundreds,1728421371
IRL265,08-10-2020,2020,1,Demonstrations,Protests,Peaceful protest,Dublin,53.3498,-6.2603,1,crowd size=no report,1728421371
IRL263,03-10-2020,2020,1,Demonstrations,Protests,Peaceful protest,Dublin,53.3498,-6.2603,1,crowd size=around 1000,1728421371
IRL261,02-10-2020,2020,1,Demonstrations,Protests,Peaceful protest,Dublin,53.3498,-6.2603,1,crowd size=no report,1698180615
IRL259,02-10-2020,2020,1,Demonstrations,Protests,Peaceful protest,Dublin,53.3498,-6.2603,1,crowd size=no report,1728421371
IRL257,01-10-2020,2020,1,Demonstrations,Protests,Peaceful protest,Dublin,53.3498,-6.2603,1,crowd size=no report,1728421371
IRL255,26-09-2020,2020,1,Demonstrations,Protests,Peaceful protest,Dublin,53.3498,-6.2603,1,crowd size=at least 3,1698180615
IRL252,25-09-2020,2020,1,Demonstrations,Protests,Peaceful protest,Collinstown,53.4213,-6.2701,1,crowd size=no report,1734479887
IRL248,22-09-2020,2020,1,Demonstrations,Protests,Peaceful protest,Dublin,53.3498,-6.2603,1,crowd size=no report,1728421371
IRL245,21-09-2020,2020,1,Demonstrations,Protests,Peaceful protest,Dublin,53.3498,-6.2603,1,crowd size=at least 5,1674580729
IRL247,21-09-2020,2020,1,Political violence,Riots,Mob violence,Dublin,53.3498,-6.2603,1,crowd size=3,1728421371
IRL246,21-09-2020,2020,1,Demonstrations,Protests,Peaceful protest,Collinstown,53.4213,-6.2701,1,crowd size=around 40,1734479887
IRL238,15-09-2020,2020,1,Demonstrations,Protests,Peaceful protest,Dublin,53.3498,-6.2603,1,crowd size=around 1500,1728421371
IRL237,14-09-2020,2020,1,Demonstrations,Protests,Peaceful protest,Dublin,53.3498,-6.2603,1,crowd size=at least 5,1728421371
IRL235,12-09-2020,2020,1,Political violence,Riots,Mob violence,Dublin,53.3498,-6.2603,1,crowd size=no report,1728421371
IRL236,12-09-2020,2020,1,Demonstrations,Riots,Violent demonstration,Dublin,53.3498,-6.2603,1,crowd size=hundreds,1728421371
IRL234,11-09-2020,2020,1,Demonstrations,Protests,Peaceful protest,Dublin,53.3498,-6.2603,1,crowd size=no report,1729023533
IRL233,09-09-2020,2020,1,Demonstrations,Protests,Peaceful protest,Dublin,53.3498,-6.2603,1,crowd size=at least 60,1674580729
IRL231,09-09-2020,2020,1,Demonstrations,Protests,Peaceful protest,Dublin,53.3498,-6.2603,1,crowd size=around 15,1674580729
IRL232,09-09-2020,2020,1,Demonstrations,Protests,Peaceful protest,Dublin,53.3498,-6.2603,1,crowd size=at least seven,1674580729
IRL229,08-09-2020,2020,1,Demonstrations,Protests,Protest with intervention,Dublin,53.3498,-6.2603,1,crowd size=no report,1728421371
IRL220,03-09-2020,2020,1,Demonstrations,Protests,Peaceful protest,Dublin,53.3498,-6.2603,1,crowd size=no report,1728421371
IRL219,02-09-2020,2020,1,Demonstrations,Protests,Peaceful protest,Dublin,53.3498,-6.2603,1,crowd size=over 100,1728421371
IRL218,29-08-2020,2020,1,Demonstrations,Protests,Peaceful protest,Dublin,53.3498,-6.2603,1,crowd size=around 100,1674580729
IRL216,22-08-2020,2020,1,Demonstrations,Riots,Violent demonstration,Dublin,53.3498,-6.2603,1,crowd size=hundreds,1728421371
IRL214,20-08-2020,2020,1,Demonstrations,Protests,Peaceful protest,Dublin,53.3498,-6.2603,1,crowd size=no report,1674580729
IRL213,19-08-2020,2020,1,Demonstrations,Protests,Peaceful protest,Dublin,53.3498,-6.2603,3,crowd size=no report,1674580729
IRL212,19-08-2020,2020,1,Political violence,Battles,Armed clash,Dublin,53.3498,-6.2603,1,,1728421371
IRL211,18-08-2020,2020,1,Strategic developments,Strategic developments,Arrests,Dublin,53.3498,-6.2603,3,,1728421371
IRL210,16-08-2020,2020,1,Political violence,Riots,Mob violence,Dublin,53.3498,-6.2603,1,crowd size=no report,1728421371
IRL209,15-08-2020,2020,1,Demonstrations,Protests,Peaceful protest,Dublin,53.3498,-6.2603,1,crowd size=no report,1728421371
IRL208,14-08-2020,2020,1,Political violence,Riots,Mob violence,Dublin,53.3498,-6.2603,1,crowd size=no report,1728421371
IRL206,08-08-2020,2020,1,Demonstrations,Protests,Peaceful protest,Dublin,53.3498,-6.2603,1,crowd size=over 200,1674580729
IRL203,07-08-2020,2020,1,Demonstrations,Protests,Peaceful protest,Dublin,53.3498,-6.2603,1,crowd size=no report,1728421371
IRL201,01-08-2020,2020,1,Demonstrations,Protests,Peaceful protest,Dublin,53.3498,-6.2603,1,crowd size=no report,1728421371
IRL199,31-07-2020,2020,1,Demonstrations,Protests,Peaceful protest,Dublin,53.3498,-6.2603,1,crowd size=about 200,1728421371
IRL200,31-07-2020,2020,1,Demonstrations,Protests,Protest with intervention,Dublin,53.3498,-6.2603,1,crowd size=3,1728421371
IRL195,29-07-2020,2020,1,Demonstrations,Protests,Peaceful protest,Dublin,53.3498,-6.2603,1,crowd size=no report,1728421371
IRL197,29-07-2020,2020,1,Demonstrations,Protests,Peaceful protest,Dublin,53.3498,-6.2603,1,crowd size=about 100,1728421371
IRL193,28-07-2020,2020,1,Demonstrations,Protests,Peaceful protest,Dublin,53.3498,-6.2603,1,crowd size=about 50,1728421371
IRL186,20-07-2020,2020,1,Demonstrations,Protests,Peaceful protest,Dublin,53.3498,-6.2603,1,crowd size=no report,1728421371
IRL180,18-07-2020,2020,1,Demonstrations,Protests,Peaceful protest,Dublin,53.3498,-6.2603,1,crowd size=at least 30,1728421371
IRL175,11-07-2020,2020,1,Demonstrations,Protests,Peaceful protest,Dublin,53.3498,-6.2603,1,crowd size=no report,1728421371
IRL174,09-07-2020,2020,1,Demonstrations,Protests,Peaceful protest,Dublin,53.3498,-6.2603,1,crowd size=around 8,1674580729
IRL165,04-07-2020,2020,1,Demonstrations,Protests,Peaceful protest,Dublin,53.3498,-6.2603,1,crowd size=no report,1728421371
IRL168,04-07-2020,2020,1,Demonstrations,Protests,Peaceful protest,Dublin,53.3498,-6.2603,1,crowd size=no report,1728421371
IRL161,29-06-2020,2020,1,Demonstrations,Protests,Peaceful protest,Dublin,53.3498,-6.2603,1,crowd size=about 6-7,1698180615
IRL156,27-06-2020,2020,1,Demonstrations,Protests,Peaceful protest,Dublin,53.3498,-6.2603,1,crowd size=at least 4,1728421371
IRL154,23-06-2020,2020,1,Demonstrations,Protests,Peaceful protest,Collinstown,53.4213,-6.2701,1,crowd size=at least 10,1734479887
IRL142,12-06-2020,2020,1,Demonstrations,Protests,Peaceful protest,Dublin,53.3498,-6.2603,1,crowd size=around 6,1728421370
IRL133,06-06-2020,2020,1,Demonstrations,Protests,Peaceful protest,Dublin,53.3498,-6.2603,1,crowd size=hundreds,1728421370
IRL124,01-06-2020,2020,1,Demonstrations,Protests,Peaceful protest,Dublin,53.3498,-6.2603,1,crowd size=around 5000,1728421370
IRL121,31-05-2020,2020,1,Demonstrations,Protests,Peaceful protest,Dublin,53.3498,-6.2603,1,crowd size=hundreds,1728421370
IRL120,28-05-2020,2020,1,Demonstrations,Protests,Peaceful protest,Dublin,53.3498,-6.2603,1,crowd size=at least 3,1698180615
IRL111,15-05-2020,2020,1,Demonstrations,Protests,Peaceful protest,Dublin,53.3498,-6.2603,1,crowd size=at least 15,1728421369
IRL110,13-05-2020,2020,1,Demonstrations,Protests,Peaceful protest,Dublin,53.3498,-6.2603,1,crowd size=dozens,1728421369
IRL108,02-05-2020,2020,1,Demonstrations,Protests,Peaceful protest,Dublin,53.3498,-6.2603,1,crowd size=no report,1728421369
IRL102,29-04-2020,2020,1,Demonstrations,Protests,Peaceful protest,Dublin,53.3498,-6.2603,1,crowd size=no report,1728421369
IRL96,21-04-2020,2020,1,Demonstrations,Protests,Peaceful protest,Dublin,53.3498,-6.2603,1,crowd size=around 100,1728421373
IRL99,21-04-2020,2020,1,Demonstrations,Protests,Peaceful protest,Dublin,53.3498,-6.2603,1,crowd size=around 100,1728421373
IRL90,19-03-2020,2020,1,Strategic developments,Strategic developments,Change to group/activity,Dublin,53.3498,-6.2603,1,,1674580729
IRL86,07-03-2020,2020,1,Demonstrations,Protests,Peaceful protest,Dublin,53.3498,-6.2603,1,crowd size=around 30,1674580729
IRL85,07-03-2020,2020,1,Demonstrations,Protests,Peaceful protest,Dublin,53.3498,-6.2603,1,crowd size=several hundred,1728421373
IRL84,06-03-2020,2020,1,Demonstrations,Protests,Peaceful protest,Dublin,53.3498,-6.2603,1,crowd size=no report,1728421373
IRL79,28-02-2020,2020,1,Demonstrations,Protests,Peaceful protest,Dublin,53.3498,-6.2603,1,crowd size=around 30,1729632671
IRL77,27-02-2020,2020,1,Demonstrations,Protests,Peaceful protest,Clonskeagh,53.3056,-6.2383,1,crowd size=no report,1728421373
IRL78,27-02-2020,2020,1,Demonstrations,Protests,Peaceful protest,Dublin,53.3498,-6.2603,1,crowd size=no report,1728421373
IRL73,21-02-2020,2020,1,Demonstrations,Protests,Peaceful protest,Dublin,53.3498,-6.2603,1,crowd size=no report,1728421372
IRL66,20-02-2020,2020,1,Demonstrations,Protests,Peaceful protest,Dublin,53.3498,-6.2603,1,crowd size=no report,1728421372
IRL65,18-02-2020,2020,1,Demonstrations,Protests,Peaceful protest,Blanchardstown,53.3868,-6.3775,1,crowd size=about 50,1728421372
IRL61,14-02-2020,2020,1,Demonstrations,Protests,Peaceful protest,Dublin,53.3498,-6.2603,1,crowd size=about 1000,1728421372
IRL63,14-02-2020,2020,1,Demonstrations,Protests,Peaceful protest,Dublin,53.3498,-6.2603,1,crowd size=no report,1728421372
IRL688,08-02-2020,2020,1,Strategic developments,Strategic developments,Other,Dublin,53.3498,-6.2603,1,,1678830922
IRL57,07-02-2020,2020,1,Demonstrations,Protests,Peaceful protest,Dublin,53.3498,-6.2603,1,crowd size=around 300,1728421372
IRL55,06-02-2020,2020,1,Demonstrations,Protests,Peaceful protest,Blanchardstown,53.3868,-6.3775,1,crowd size=around 40,1728421372
IRL52,05-02-2020,2020,1,Demonstrations,Protests,Peaceful protest,Dublin,53.3498,-6.2603,1,crowd size=thousands,1728421372
IRL51,04-02-2020,2020,1,Demonstrations,Protests,Peaceful protest,Dublin,53.3498,-6.2603,1,crowd size=about 15,1695733260
IRL50,04-02-2020,2020,1,Demonstrations,Protests,Peaceful protest,Blanchardstown,53.3868,-6.3775,1,crowd size=about 10,1726602889
IRL48,04-02-2020,2020,1,Demonstrations,Protests,Peaceful protest,Dublin,53.3498,-6.2603,1,crowd size=around 30,1728421372
IRL43,03-02-2020,2020,1,Demonstrations,Protests,Peaceful protest,Dublin,53.3498,-6.2603,1,crowd size=no report,1728421372
IRL37,01-02-2020,2020,1,Demonstrations,Riots,Violent demonstration,Dublin,53.3498,-6.2603,1,crowd size=no report,1728421371
IRL39,01-02-2020,2020,1,Demonstrations,Protests,Peaceful protest,Tallaght,53.2878,-6.3622,1,crowd size=no report,1728421371
IRL41,01-02-2020,2020,1,Political violence,Riots,Mob violence,Dublin,53.3498,-6.2603,1,crowd size=no report,1728421372
IRL28,29-01-2020,2020,1,Demonstrations,Protests,Peaceful protest,Stepaside,53.2531,-6.2143,1,crowd size=no report,1716919058
IRL25,28-01-2020,2020,1,Demonstrations,Protests,Peaceful protest,Dublin,53.3498,-6.2603,1,crowd size=around 5,1728421371
IRL23,26-01-2020,2020,1,Demonstrations,Protests,Peaceful protest,Dublin,53.3498,-6.2603,1,crowd size=no report,1674580729
IRL22,25-01-2020,2020,1,Demonstrations,Protests,Peaceful protest,Dublin,53.3498,-6.2603,1,crowd size=no report,1674580729
IRL19,24-01-2020,2020,1,Demonstrations,Protests,Peaceful protest,Dublin,53.3498,-6.2603,1,crowd size=no report,1728421371
IRL18,23-01-2020,2020,1,Demonstrations,Protests,Peaceful protest,Dublin,53.3498,-6.2603,1,crowd size=up to 500,1728421371
IRL17,20-01-2020,2020,1,Demonstrations,Protests,Peaceful protest,Dublin,53.3498,-6.2603,1,crowd size=dozens,1728421371
IRL14,17-01-2020,2020,1,Demonstrations,Protests,Peaceful protest,Dublin,53.3498,-6.2603,1,crowd size=no report,1728421370
IRL15,17-01-2020,2020,1,Demonstrations,Protests,Peaceful protest,Dublin,53.3498,-6.2603,1,crowd size=no report,1728421371
IRL13,15-01-2020,2020,1,Demonstrations,Protests,Peaceful protest,Dublin,53.3498,-6.2603,1,crowd size=hundreds,1728421370
IRL12,11-01-2020,2020,1,Demonstrations,Protests,Peaceful protest,Dublin,53.3498,-6.2603,1,crowd size=between 200 and 300,1728421370
IRL10,10-01-2020,2020,1,Demonstrations,Protests,Peaceful protest,Dublin,53.3498,-6.2603,1,crowd size=no report,1728421369
IRL1,01-01-2020,2020,1,Demonstrations,Protests,Peaceful protest,Dublin,53.3498,-6.2603,1,crowd size=about 70,1728421369
